,station,region,region_code,location,coordinates,latitude,longitude
0,Акколь,Акмолинская область,KZ-AKM,"Акколь, Акмолинская область, Казахстан","Ақкөл, Ақкөл ауданы, Ақмола облысы, 020100, Қазақстан",51.9956724,70.9560123
1,Аршалы,Акмолинская область,KZ-AKM,"Аршалы, Акмолинская область, Казахстан","Аршалы, Аршалы ауданы, Ақмола облысы, 020200, Қазақстан",50.8304142,72.1811626
2,Астана,Акмолинская область,KZ-AKM,"Астана, Акмолинская область, Казахстан","Астана, улица Ауэзова, Атбасар, Атбасар ауданы, Ақмола облысы, 020400, Қазақстан",51.16769401814869,71.4507705827999
3,Атбасар,Акмолинская область,KZ-AKM,"Атбасар, Акмолинская область, Казахстан","Атбасар, Атбасар ауданы, Ақмола облысы, 020400, Қазақстан",51.8099624,68.3584729
4,Балкашино,Акмолинская область,KZ-AKM,"Балкашино, Акмолинская область, Казахстан","Балкашино, Сандыктауский район - Сандықтау ауданы, Ақмола облысы, Қазақстан",52.520611,68.7533243
5,Бурабай,Акмолинская область,KZ-AKM,"Бурабай, Акмолинская область, Казахстан","Бурабай, Бурабай ауданы, Ақмола облысы, Қазақстан",53.0829947,70.3085972
6,Егиндыколь,Акмолинская область,KZ-AKM,"Егиндыколь, Акмолинская область, Казахстан","Егіндікөл, Егіндікөл ауданы, Ақмола облысы, Қазақстан",51.0516007,69.4801963
7,Ерейментау,Акмолинская область,KZ-AKM,"Ерейментау, Акмолинская область, Казахстан","Ерейментау, Ерейментау ауданы, Ақмола облысы, 020800, Қазақстан",51.619881,73.103348
8,Есиль,Акмолинская область,KZ-AKM,"Есиль, Акмолинская область, Казахстан","Есіл, Есіл ауданы, Ақмола облысы, 020900, Қазақстан",51.9601511,66.4088826
9,Жаксы,Акмолинская область,KZ-AKM,"Жаксы, Акмолинская область, Казахстан","Жаксы, Жаксынский район - Жақсы ауданы, Ақмола облысы, Қазақстан",51.908749,67.31617
10,Жалтыр,Акмолинская область,KZ-AKM,"Жалтыр, Акмолинская область, Казахстан","Жалтыр, Астрахан ауданы, Ақмола облысы, 020304, Қазақстан",51.6286543,69.834345
11,Кокшетау,Акмолинская область,KZ-AKM,"Кокшетау, Акмолинская область, Казахстан","Көкшетау Қ.Ә., Ақмола облысы, Қазақстан",53.2852054,69.3814676
12,Коргалжын,Акмолинская область,KZ-AKM,"Коргалжын, Акмолинская область, Казахстан","Қорғалжын, Қорғалжын ауданы, Ақмола облысы, Қазақстан",50.5837125,70.0179587
13,"СФМ ""Боровое""",Акмолинская область,KZ-AKM,"СФМ ""Боровое"", Акмолинская область, Казахстан",,54.65565,62.30687
14,Тасты-Талды,Акмолинская область,KZ-AKM,"Тасты-Талды, Акмолинская область, Казахстан","Тасты-Талды, Жарқайың ауданы, Ақмола облысы, 021118, Қазақстан",50.722603,66.629402
15,Щучинск,Акмолинская область,KZ-AKM,"Щучинск, Акмолинская область, Казахстан","Щучинск, Бурабай ауданы, Ақмола облысы, Қазақстан",52.9387457,70.1857634
16,Актобе,Актюбинская область,KZ-AKT,"Актобе, Актюбинская область, Казахстан","Ақтөбе Қ.Ә., Ақтөбе облысы, Қазақстан",50.2836268,57.2298651
17,Аяккум,Актюбинская область,KZ-AKT,"Аяккум, Актюбинская область, Казахстан","Қаңбақты, Шалқар ауданы, Ақтөбе облысы, Қазақстан",46.5508038,58.8697242
18,Ильинский,Актюбинская область,KZ-AKT,"Ильинский, Актюбинская область, Казахстан",,49.16836824870112,58.226428298676986
19,Иргиз,Актюбинская область,KZ-AKT,"Иргиз, Актюбинская область, Казахстан","Ырғыз, Ырғыз ауданы, Ақтөбе облысы, 030400, Қазақстан",48.617874,61.263981
20,Карабутак,Актюбинская область,KZ-AKT,"Карабутак, Актюбинская область, Казахстан","Қарабұтақ, Әйтеке би ауданы, Ақтөбе облысы, Қазақстан",49.96105918308706,60.10898182003643
21,Караулкельды,Актюбинская область,KZ-AKT,"Караулкельды, Актюбинская область, Казахстан","Қарауылкелді, Барак Батыра улица, Қарауылкелді, Байғанин ауданы, Ақтөбе облысы, Қазақстан",48.69047712710245,55.88430673092984
22,Комсомольское,Актюбинская область,KZ-AKT,"Комсомольское, Актюбинская область, Казахстан","Темірбек Жүргенов ауылы, Әйтеке би ауданы, Ақтөбе облысы, Қазақстан",50.4340556,60.5001443
23,Кос-Истек,Актюбинская область,KZ-AKT,"Кос-Истек, Актюбинская область, Казахстан","Қосестек, Қарғалы ауданы, Ақтөбе облысы, Қазақстан",50.745422,57.889839
24,Мартук,Актюбинская область,KZ-AKT,"Мартук, Актюбинская область, Казахстан","Мартук, Мартөк ауданы, Ақтөбе облысы, 030600, Қазақстан",50.7443222,56.4995791
25,Мугоджарская,Актюбинская область,KZ-AKT,"Мугоджарская, Актюбинская область, Казахстан",,48.58347831,58.45757983
26,Новоалексеевка,Актюбинская область,KZ-AKT,"Новоалексеевка, Актюбинская область, Казахстан","Қарағандысай, Алға ауданы, Ақтөбе облысы, Қазақстан",50.306267,56.602402
27,Нура,Актюбинская область,KZ-AKT,"Нура, Актюбинская область, Казахстан","Нұра, Ырғыз ауданы, Ақтөбе облысы, Қазақстан",48.89452,62.307884
28,Родниковка,Актюбинская область,KZ-AKT,"Родниковка, Актюбинская область, Казахстан","Родниковка, Мартөк ауданы, Ақтөбе облысы, Қазақстан",50.652813,57.173714
29,Темир,Актюбинская область,KZ-AKT,"Темир, Актюбинская область, Казахстан","Темір, Темір ауданы, Ақтөбе облысы, 030810, Қазақстан",49.1425746,57.1259849
30,Уил,Актюбинская область,KZ-AKT,"Уил, Актюбинская область, Казахстан","Ойыл, Ойыл ауданы, Ақтөбе облысы, 030900, Қазақстан",49.0724892,54.662738
31,Шалкар,Актюбинская область,KZ-AKT,"Шалкар, Актюбинская область, Казахстан","Шалқар, Шалқар ауданы, Ақтөбе облысы, 031200, Қазақстан",47.8273018,59.6159216
32,Эмба,Актюбинская область,KZ-AKT,"Эмба, Актюбинская область, Казахстан","Ембі, Мұғалжар ауданы, Ақтөбе облысы, 031300, Қазақстан",48.829453,58.147369
33,Aлматы,Алматинская область,KZ-ALM,"Aлматы, Алматинская область, Казахстан","Алматы, Думан, Талғар ауданы, Алматы облысы, 041609, Қазақстан",43.2850747,77.0366448
34,Kеген,Алматинская область,KZ-ALM,"Kеген, Алматинская область, Казахстан","Кеген, Кеген ауданы, Алматы облысы, 041400, Қазақстан",43.021698,79.22316
35,Айдарлы,Алматинская область,KZ-ALM,"Айдарлы, Алматинская область, Казахстан","Айдарлы, Жамбыл ауданы, Алматы облысы, Қазақстан",44.196095,75.826958
36,Аксенгир,Алматинская область,KZ-ALM,"Аксенгир, Алматинская область, Казахстан","Ақсеңгір, Қарасай ауданы, Алматы облысы, Қазақстан",43.359814,76.758194
37,Алаколь,Алматинская область,KZ-ALM,"Алаколь, Алматинская область, Казахстан","Итішпес, Итішпестің Алакөлі, Балқаш ауданы, Алматы облысы, Қазақстан",46.35043188911929,81.29398105845638
38,Алматы (Камен.плато),Алматинская область,KZ-ALM,"Алматы (Камен.плато), Алматинская область, Казахстан",,43.18318279,76.96496321
39,Ассы,Алматинская область,KZ-ALM,"Ассы, Алматинская область, Казахстан","Ассы-Түрген обсерваториясы, Don Jailau, Еңбекшіқазақ ауданы, Алматы облысы, Қазақстан",43.224528,77.871362
40,Аул №4,Алматинская область,KZ-ALM,"Аул №4, Алматинская область, Казахстан",,,
41,Баканас,Алматинская область,KZ-ALM,"Баканас, Алматинская область, Казахстан","Бақанас, Балқаш ауданы, Алматы облысы, 040300, Қазақстан",44.807812,76.274628
42,Большое Алматинское озеро,Алматинская область,KZ-ALM,"Большое Алматинское озеро, Алматинская область, Казахстан",,43.05161985,76.9868022
43,Есик,Алматинская область,KZ-ALM,"Есик, Алматинская область, Казахстан","Есік, Еңбекшіқазақ ауданы, Алматы облысы, 040400-040403, Қазақстан",43.359486,77.465919
44,Жаланаш,Алматинская область,KZ-ALM,"Жаланаш, Алматинская область, Казахстан","Жалаңаш, Кеген ауданы, Алматы облысы, Қазақстан",43.044312,78.641457
45,Жаланашколь,Алматинская область,KZ-ALM,"Жаланашколь, Алматинская область, Казахстан",,45.592470749410886,82.18105138806705
46,Жаркент,Алматинская область,KZ-ALM,"Жаркент, Алматинская область, Казахстан","Жаркент, Кульджинский тракт, Бәйтерек, Еңбекшіқазақ ауданы, Алматы облысы, Қазақстан",44.166985323396624,80.00044569080431
47,Капшагай,Алматинская область,KZ-ALM,"Капшагай, Алматинская область, Казахстан","Қонаев, Алматы облысы, 040810-9-8-7, Қазақстан",43.8650516,77.0549837660237
48,Карашокы,Алматинская область,KZ-ALM,"Карашокы, Алматинская область, Казахстан",,44.10335139,77.93144002
49,Когалы,Алматинская область,KZ-ALM,"Когалы, Алматинская область, Казахстан",,44.48458387,78.65280095
50,Куйган,Алматинская область,KZ-ALM,"Куйган, Алматинская область, Казахстан","Құйған, Балқаш ауданы, Алматы облысы, 040315, Қазақстан",45.382332,74.138962
51,Кыргызсай,Алматинская область,KZ-ALM,"Кыргызсай, Алматинская область, Казахстан","Қырғызсай, Ұйғыр ауданы, Алматы облысы, 041809, Қазақстан",43.33268,79.48069
52,Лепси,Алматинская область,KZ-ALM,"Лепси, Алматинская область, Казахстан",,45.52694312,80.61128116
53,Матай,Алматинская область,KZ-ALM,"Матай, Алматинская область, Казахстан",,45.89834035,78.72455116
54,Мынжилки,Алматинская область,KZ-ALM,"Мынжилки, Алматинская область, Казахстан","Мынжилки Жайлау, Қарасай ауданы, Алматы облысы, Қазақстан",43.0127953,76.7613899
55,Нарынкол,Алматинская область,KZ-ALM,"Нарынкол, Алматинская область, Казахстан","Нарынқол, Райымбекский район - Райымбек ауданы, Алматы облысы, Қазақстан",42.729275,80.177589
56,Сарканд,Алматинская область,KZ-ALM,"Сарканд, Алматинская область, Казахстан",,45.41380215,79.91695312
57,Сарыозек,Алматинская область,KZ-ALM,"Сарыозек, Алматинская область, Казахстан",,44.35940866,77.96876811
58,Талдыкорган,Алматинская область,KZ-ALM,"Талдыкорган, Алматинская область, Казахстан",,43.29936375,76.68052538
59,Текели,Алматинская область,KZ-ALM,"Текели, Алматинская область, Казахстан",,44.86017750013749,78.76321906742477
60,Узунагач,Алматинская область,KZ-ALM,"Узунагач, Алматинская область, Казахстан","ЦРБ Узунагач, Қарасай Батыр көшесі, Ұзынағаш, Узынагаш, Жамбыл ауданы, Алматы облысы, 040600, Қазақстан",43.22732985981027,76.30034414001315
61,Учарал,Алматинская область,KZ-ALM,"Учарал, Алматинская область, Казахстан",,46.17213433496711,80.94732302250061
62,Уштобе,Алматинская область,KZ-ALM,"Уштобе, Алматинская область, Казахстан",,45.24194249,77.97224431
63,Шелек,Алматинская область,KZ-ALM,"Шелек, Алматинская область, Казахстан","Шелек, Еңбекшіқазақ ауданы, Алматы облысы, 040462, Қазақстан",43.594425,78.263054
64,Шымбулак,Алматинская область,KZ-ALM,"Шымбулак, Алматинская область, Казахстан","Шымбұлақ, Медеу ауданы, Алматы, Талғар ауданы, Алматы облысы, Қазақстан",43.1302923,77.0822826
65,Атырау,Атырауская область,KZ-ATY,"Атырау, Атырауская область, Казахстан","Атырау қ.ә., Атырау облысы, Қазақстан",47.1067183,51.9138976
66,Ганюшкино,Атырауская область,KZ-ATY,"Ганюшкино, Атырауская область, Казахстан","Құрманғазы, Құрманғазы ауданы, Атырау облысы, Қазақстан",46.604229,49.269997
67,Индерборский,Атырауская область,KZ-ATY,"Индерборский, Атырауская область, Казахстан","Индербор, Индер ауданы, Атырау облысы, 060200, Қазақстан",48.55720732152824,51.75205618301225
68,Карабау,Атырауская область,KZ-ATY,"Карабау, Атырауская область, Казахстан","Карабау, Қызылқоға ауданы, Атырау облысы, Қазақстан",48.450558,52.925968
69,Кульсары,Атырауская область,KZ-ATY,"Кульсары, Атырауская область, Казахстан","Құлсары, Жылыой ауданы, Атырау облысы, 050100, Қазақстан",46.9621483,54.0129176
70,Махамбет,Атырауская область,KZ-ATY,"Махамбет, Атырауская область, Казахстан","Махамбет, Махамбет ауданы, Атырау облысы, Қазақстан",47.675577,51.5865434
71,Новый Уштоган,Атырауская область,KZ-ATY,"Новый Уштоган, Атырауская область, Казахстан",,47.90361845,48.79439559
72,Пешной,Атырауская область,KZ-ATY,"Пешной, Атырауская область, Казахстан","Пешной, Атырау қ.ә., Атырау облысы, Қазақстан",46.9081775,51.6750526
73,Сагиз,Атырауская область,KZ-ATY,"Сагиз, Атырауская область, Казахстан","Сағыз, Қызылқоға ауданы, Атырау облысы, Қазақстан",48.234829,54.878654
74,Акадыр,Карагандинская область,KZ-KAR,"Акадыр, Карагандинская область, Казахстан","Акадыр, 5А, Ул. Жакена Кыздарбекова, Ағадыр, Шет ауданы, Қарағанды облысы, Қазақстан",48.2633633,72.8557425
75,Аксу-Аюлы,Карагандинская область,KZ-KAR,"Аксу-Аюлы, Карагандинская область, Казахстан","Ақсу-Аюлы, Шет ауданы, Қарағанды облысы, Қазақстан",48.7655707,73.6740332
76,Актогай,Карагандинская область,KZ-KAR,"Актогай, Карагандинская область, Казахстан","Ақтоғай, Ақтоғай ауданы, Қарағанды облысы, 100200, Қазақстан",46.9550424,79.67825069
77,Балкаш,Карагандинская область,KZ-KAR,"Балкаш, Карагандинская область, Казахстан","Балқаш Қ.Ә., Қарағанды облысы, Қазақстан",46.8433208,74.9773285
78,Баршино,Карагандинская область,KZ-KAR,"Баршино, Карагандинская область, Казахстан","Баршын, Нұра ауданы, Қарағанды облысы, Қазақстан",49.6737941,69.5394602
79,Бектауата,Карагандинская область,KZ-KAR,"Бектауата, Карагандинская область, Казахстан","Бектауата, Ақтоғай ауданы, Қарағанды облысы, Қазақстан",47.4367568,74.8142862
80,Бес-оба,Карагандинская область,KZ-KAR,"Бес-оба, Карагандинская область, Казахстан","ghcnd KZ000035396 BES-OBA, КМ-35, Қарқаралы ауданы, Қарағанды облысы, Қазақстан",49.3432639,74.467107
81,Жана-Арка,Карагандинская область,KZ-KAR,"Жана-Арка, Карагандинская область, Казахстан",,48.67853841,71.6298285
82,Жарык,Карагандинская область,KZ-KAR,"Жарык, Карагандинская область, Казахстан","Сәкен Сейфуллин, Шет ауданы, Қарағанды облысы, 101705, Қазақстан",48.855301,72.835365
83,Жезказган,Карагандинская область,KZ-KAR,"Жезказган, Карагандинская область, Казахстан",,47.79726061,67.70384439
84,Жетыконур,Карагандинская область,KZ-KAR,"Жетыконур, Карагандинская область, Казахстан",,46.69822699,68.43530684
85,Караганда,Карагандинская область,KZ-KAR,"Караганда, Карагандинская область, Казахстан","Қарағанды Қ.Ә., Қарағанды облысы, Қазақстан",49.8161282,73.1026622
86,Каражал,Карагандинская область,KZ-KAR,"Каражал, Карагандинская область, Казахстан",,48.00825893967152,70.7908116895062
87,Каркаралы,Карагандинская область,KZ-KAR,"Каркаралы, Карагандинская область, Казахстан","Қарқаралы ауданы, Қарағанды облысы, Қазақстан",49.41305476438257,75.47608802208192
88,Кертинды,Карагандинская область,KZ-KAR,"Кертинды, Карагандинская область, Казахстан",,49.95725964419746,71.58284092572603
89,Кзылжар,Карагандинская область,KZ-KAR,"Кзылжар, Карагандинская область, Казахстан",,48.30260334,69.64610489
90,Кзылтау,Карагандинская область,KZ-KAR,"Кзылтау, Карагандинская область, Казахстан",,49.00278613,74.15591233
91,Киевка,Карагандинская область,KZ-KAR,"Киевка, Карагандинская область, Казахстан","Киевка-Осакаровка, Осакаровка, Осакаров ауданы, Қарағанды облысы, 100900, Қазақстан",50.260503302221046,71.54859195917625
92,Корнеевка,Карагандинская область,KZ-KAR,"Корнеевка, Карагандинская область, Казахстан","Керней, Бұқар жырау ауданы, Қарағанды облысы, Қазақстан",50.2153326,74.2763795
93,Осакаровка,Карагандинская область,KZ-KAR,"Осакаровка, Карагандинская область, Казахстан","Осакаровка, Осакаров ауданы, Қарағанды облысы, Қазақстан",50.5606688,72.5813736
94,Родниковcкое,Карагандинская область,KZ-KAR,"Родниковcкое, Карагандинская область, Казахстан",,51.04415195,73.99383888
95,Сарышаган,Карагандинская область,KZ-KAR,"Сарышаган, Карагандинская область, Казахстан","Сарышаған, Ақтоғай ауданы, Қарағанды облысы, Қазақстан",46.1170174,73.6092892
96,Саяк,Карагандинская область,KZ-KAR,"Саяк, Карагандинская область, Казахстан","Саяқ, Қарағанды облысы, Қазақстан",46.907158,77.353699
97,Улытау,Карагандинская область,KZ-KAR,"Улытау, Карагандинская область, Казахстан",,48.655235506868,67.00259973205677
98,Амангельды,Костанайская область,KZ-KUS,"Амангельды, Костанайская область, Казахстан","Амангелді, Амангелді ауданы, Қостанай облысы, Қазақстан",50.1806755,65.1942135
99,Аркалык,Костанайская область,KZ-KUS,"Аркалык, Костанайская область, Казахстан","Арқалық Қ.Ә., Қостанай облысы, 110300, Қазақстан",50.253281,66.914993
100,Аршалинский З/СВХ,Костанайская область,KZ-KUS,"Аршалинский З/СВХ, Костанайская область, Казахстан",,52.71908507868311,61.14364763369025
101,Диевская,Костанайская область,KZ-KUS,"Диевская, Костанайская область, Казахстан",,51.99975207,63.68867218
102,Екидин,Костанайская область,KZ-KUS,"Екидин, Костанайская область, Казахстан","Екидин, Арқалық Қ.Ә., Қостанай облысы, Қазақстан",49.519436,66.145691
103,Железнодорожный СВХ.,Костанайская область,KZ-KUS,"Железнодорожный СВХ., Костанайская область, Казахстан",,52.09677687,65.67293102
104,Житикара,Костанайская область,KZ-KUS,"Житикара, Костанайская область, Казахстан","Жітіқара, Жітіқара ауданы, Қостанай облысы, 110700, Қазақстан",52.1856061,61.1893675
105,Карабалык,Костанайская область,KZ-KUS,"Карабалык, Костанайская область, Казахстан","Қарабалық, Қарабалық ауданы, Қостанай облысы, 110900, Қазақстан",53.748184,62.062511
106,Караменды,Костанайская область,KZ-KUS,"Караменды, Костанайская область, Казахстан","Караменды, Карамендинский сельский округ, Наурзумский район - Наурызым ауданы, Қостанай облысы, Қазақстан",51.65853955,64.2252388562094
107,Карасу,Костанайская область,KZ-KUS,"Карасу, Костанайская область, Казахстан","Карасу, Қарасу ауданы, Қостанай облысы, Қазақстан",52.658371,65.484154
108,Костанай,Костанайская область,KZ-KUS,"Костанай, Костанайская область, Казахстан","Қостанай Қ.Ә., Қостанай облысы, Қазақстан",53.2146604,63.632607
109,Кушмурун,Костанайская область,KZ-KUS,"Кушмурун, Костанайская область, Казахстан","Құсмұрын, Аулиекольский район - Әулиекөл ауданы, Қостанай облысы, 110406, Қазақстан",52.451801,64.615204
110,Михайловка,Костанайская область,KZ-KUS,"Михайловка, Костанайская область, Казахстан","Михайловка, Қарабалық ауданы, Қостанай облысы, Қазақстан",53.586182,61.671124
111,Пресногорьковка,Костанайская область,KZ-KUS,"Пресногорьковка, Костанайская область, Казахстан","Пресногорьковка, Ұзынкөл ауданы, Қостанай облысы, Қазақстан",54.498322,65.761513
112,Рудный,Костанайская область,KZ-KUS,"Рудный, Костанайская область, Казахстан","Рудный, Қостанай облысы, Қазақстан",52.97281275998656,63.11421875684865
113,Сарыколь,Костанайская область,KZ-KUS,"Сарыколь, Костанайская область, Казахстан","Сарыколь, Сарыкольский район - Сарыкөл ауданы, Қостанай облысы, 111600, Қазақстан",53.317356,65.546844
114,Тобол,Костанайская область,KZ-KUS,"Тобол, Костанайская область, Казахстан","Тобыл, Бейімбет Майлин ауданы, Қостанай облысы, 111715, Қазақстан",52.693645,62.594765
115,Торгай,Костанайская область,KZ-KUS,"Торгай, Костанайская область, Казахстан","Торгай, Жангелдин ауданы, Қостанай облысы, Қазақстан",49.633447732380965,63.49051503911955
116,Арал тенизи,Кызылординская область,KZ-KZY,"Арал тенизи, Кызылординская область, Казахстан","Aral teńizi - Арал теңізі, Арал ауданы, Қызылорда облысы, Қазақстан",45.0813792,60.220418181112095
117,Жосалы,Кызылординская область,KZ-KZY,"Жосалы, Кызылординская область, Казахстан","Жосалы, Қармақшы ауданы, Қызылорда облысы, 120500, Қазақстан",45.484024,64.0849
118,Злиха,Кызылординская область,KZ-KZY,"Злиха, Кызылординская область, Казахстан","Злиха, Шиелі ауданы, Қызылорда облысы, Қазақстан",45.2221889,66.8761269
119,Казалы,Кызылординская область,KZ-KZY,"Казалы, Кызылординская область, Казахстан","Қазалы, Казалинская городская администрация, Қазалы ауданы, Қызылорда облысы, Қазақстан",45.76255,62.101181
120,Карак,Кызылординская область,KZ-KZY,"Карак, Кызылординская область, Казахстан",,44.66318165,63.13428105
121,Каукей,Кызылординская область,KZ-KZY,"Каукей, Кызылординская область, Казахстан","Кәукей, Қазалы ауданы, Қызылорда облысы, Қазақстан",45.263046,61.76088
122,Куланды,Кызылординская область,KZ-KZY,"Куланды, Кызылординская область, Казахстан","Құланды, Арал ауданы, Қызылорда облысы, Қазақстан",46.09552,59.515881
123,Кызылорда,Кызылординская область,KZ-KZY,"Кызылорда, Кызылординская область, Казахстан","Қызылорда Қ.Ә., Қызылорда облысы, Қазақстан",44.8426778,65.5036151
124,Шиели,Кызылординская область,KZ-KZY,"Шиели, Кызылординская область, Казахстан","Шиелі, Шиелі ауданы, Қызылорда облысы, Қазақстан",44.176025,66.740959
125,Актау,Мангистауская область,KZ-MAN,"Актау, Мангистауская область, Казахстан","Ақтау Қ.Ә., Маңғыстау облысы, Қазақстан",43.6353364,51.168222
126,Бейнеу,Мангистауская область,KZ-MAN,"Бейнеу, Мангистауская область, Казахстан","Бейнеу, Бейнеу ауданы, Маңғыстау облысы, Қазақстан",45.27765445,55.18331346192697
127,"Кулалы, о-в",Мангистауская область,KZ-MAN,"Кулалы, о-в, Мангистауская область, Казахстан",,45.00493971,50.09500866
128,Кызан,Мангистауская область,KZ-MAN,"Кызан, Мангистауская область, Казахстан","Кызан, Мангистауский район - Маңғыстау ауданы, Маңғыстау облысы, Қазақстан",44.889339,52.674557
129,Сам,Мангистауская область,KZ-MAN,"Сам, Мангистауская область, Казахстан","Сам, Бейнеу ауданы, Маңғыстау облысы, Қазақстан",45.235733,55.868206
130,Тущибек,Мангистауская область,KZ-MAN,"Тущибек, Мангистауская область, Казахстан",,44.13431003,51.94232685
131,Форт-Шевченко,Мангистауская область,KZ-MAN,"Форт-Шевченко, Мангистауская область, Казахстан","Форт-Шевченко, Түпқараған ауданы, Маңғыстау облысы, Қазақстан",44.508556,50.261929
132,Актогай,Павлодарская область,KZ-PAV,"Актогай, Павлодарская область, Казахстан","Актогай, Ақтоғай ауданы, Павлодар облысы, Қазақстан",46.9550424,79.67825069
133,Баянауыл,Павлодарская область,KZ-PAV,"Баянауыл, Павлодарская область, Казахстан","Баянауыл, Баянауыл ауданы, Павлодар облысы, 140300, Қазақстан",50.7928518,75.702764
134,Голубовка,Павлодарская область,KZ-PAV,"Голубовка, Павлодарская область, Казахстан","Голубовка, Ертіс ауданы, Павлодар облысы, Қазақстан",53.123211,74.191833
135,Екибастуз,Павлодарская область,KZ-PAV,"Екибастуз, Павлодарская область, Казахстан","Екібастұз, Павлодар облысы, Қазақстан",51.7232548,75.31206910579542
136,Ертис,Павлодарская область,KZ-PAV,"Ертис, Павлодарская область, Казахстан","Ертіс, Аққулы ауданы, Павлодар облысы, Қазақстан",53.33850752440356,75.44831402667653
137,Жолболды,Павлодарская область,KZ-PAV,"Жолболды, Павлодарская область, Казахстан","Жолболды, Ақтоғай ауданы, Павлодар облысы, Қазақстан",52.7957557,74.8941421
138,Коктобе,Павлодарская область,KZ-PAV,"Коктобе, Павлодарская область, Казахстан","Көктөбе, Май ауданы, Павлодар облысы, Қазақстан",51.5303291,77.4680696
139,Красноармейка,Павлодарская область,KZ-PAV,"Красноармейка, Павлодарская область, Казахстан","Красноармейка, Павлодар ауданы, Павлодар облысы, Қазақстан",52.35642248997412,77.27400040795526
140,Лозовая,Павлодарская область,KZ-PAV,"Лозовая, Павлодарская область, Казахстан",,53.29619182034958,77.77242095666067
141,Михайловка,Павлодарская область,KZ-PAV,"Михайловка, Павлодарская область, Казахстан","Михайловка, Железин ауданы, Павлодар облысы, Қазақстан",53.827221,76.546944
142,Павлодар,Павлодарская область,KZ-PAV,"Павлодар, Павлодарская область, Казахстан","Павлодар Қ.Ә., Павлодар облысы, Қазақстан",52.2857573,76.9455035
143,Успенка,Павлодарская область,KZ-PAV,"Успенка, Павлодарская область, Казахстан","Успенка, Успенский район - Успен ауданы, Павлодар облысы, 141000, Қазақстан",52.9068212,77.4191177
144,Федоровка,Павлодарская область,KZ-PAV,"Федоровка, Павлодарская область, Казахстан","Фёдоровка, Теренкольский район - Тереңкөл ауданы, Павлодар облысы, Қазақстан",53.3699966,76.3162278
145,Шалдай,Павлодарская область,KZ-PAV,"Шалдай, Павлодарская область, Казахстан","Шалдай, Щербактинский район - Шарбақты ауданы, Павлодар облысы, Қазақстан",51.9257903,78.8162429
146,Шарбакты,Павлодарская область,KZ-PAV,"Шарбакты, Павлодарская область, Казахстан","Шарбакты, Щербактинский район - Шарбақты ауданы, Павлодар облысы, Қазақстан",52.4894141,78.159375
147,Благовещенка,Северо-Казахстанская область,KZ-SEV,"Благовещенка, Северо-Казахстанская область, Казахстан","Благовещенка, Жамбыл ауданы, Солтүстік Қазақстан облысы, Қазақстан",54.369076,66.97139
148,Возвышенка,Северо-Казахстанская область,KZ-SEV,"Возвышенка, Северо-Казахстанская область, Казахстан","Возвышенка, Мағжан Жұмабаев ауданы, Солтүстік Қазақстан облысы, Қазақстан",54.437664,70.941399
149,Кишкенеколь,Северо-Казахстанская область,KZ-SEV,"Кишкенеколь, Северо-Казахстанская область, Казахстан","Кишкенеколь, Уәлиханов ауданы, Солтүстік Қазақстан облысы, Қазақстан",53.6357326,72.3411085
150,Петропавловск,Северо-Казахстанская область,KZ-SEV,"Петропавловск, Северо-Казахстанская область, Казахстан","Петропавл қ.а., Солтүстік Қазақстан облысы, 150000, Қазақстан",54.8668104,69.1334984
151,Рузаевка,Северо-Казахстанская область,KZ-SEV,"Рузаевка, Северо-Казахстанская область, Казахстан","Рузаевка, Ғабит Мүсірепов ауданы, Солтүстік Қазақстан облысы, 150424, Қазақстан",52.821907,66.952431
152,Саумалколь,Северо-Казахстанская область,KZ-SEV,"Саумалколь, Северо-Казахстанская область, Казахстан","Саумалколь, Айыртау ауданы, Солтүстік Қазақстан облысы, Қазақстан",53.2940231,68.1060457
153,Сергеевка,Северо-Казахстанская область,KZ-SEV,"Сергеевка, Северо-Казахстанская область, Казахстан","Сергеевка, Шал ақын ауданы, Солтүстік Қазақстан облысы, 151300, Қазақстан",53.880951,67.415863
154,Тайынша,Северо-Казахстанская область,KZ-SEV,"Тайынша, Северо-Казахстанская область, Казахстан","Тайынша, Тайынша ауданы, Солтүстік Қазақстан облысы, Қазақстан",53.847736,69.761436
155,Тимирязево,Северо-Казахстанская область,KZ-SEV,"Тимирязево, Северо-Казахстанская область, Казахстан","Тимирязев, Тимирязевский район - Тимирязев ауданы, Солтүстік Қазақстан облысы, Қазақстан",53.7478443,66.4960466
156,Чкалово,Северо-Казахстанская область,KZ-SEV,"Чкалово, Северо-Казахстанская область, Казахстан","Чкалово, Тайынша ауданы, Солтүстік Қазақстан облысы, Қазақстан",53.625412,70.43367
157,Явленка,Северо-Казахстанская область,KZ-SEV,"Явленка, Северо-Казахстанская область, Казахстан","Явленка, Явлен ауылдық округі, Есіл ауданы, Солтүстік Қазақстан облысы, Қазақстан",54.3462508,68.4566996
158,Kокпекты,Восточно-Казахстанская область,KZ-VOS,"Kокпекты, Восточно-Казахстанская область, Казахстан",,48.75376634386964,82.38337095262796
159,Акжар,Восточно-Казахстанская область,KZ-VOS,"Акжар, Восточно-Казахстанская область, Казахстан","Ақжар, Тарбағатай ауданы, Шығыс Қазақстан облысы, Қазақстан",47.57553907723516,83.69062936744373
160,Аксуат,Восточно-Казахстанская область,KZ-VOS,"Аксуат, Восточно-Казахстанская область, Казахстан","Ақсуат, Күршім ауданы, Шығыс Қазақстан облысы, Қазақстан",48.2211977,83.6959288
161,Актогай,Восточно-Казахстанская область,KZ-VOS,"Актогай, Восточно-Казахстанская область, Казахстан",,46.9550424,79.67825069
162,Аягоз,Восточно-Казахстанская область,KZ-VOS,"Аягоз, Восточно-Казахстанская область, Казахстан",,47.9752866,80.43263334
163,Бакты,Восточно-Казахстанская область,KZ-VOS,"Бакты, Восточно-Казахстанская область, Казахстан",,46.65722966,82.72923561
164,Баршатас,Восточно-Казахстанская область,KZ-VOS,"Баршатас, Восточно-Казахстанская область, Казахстан",,48.166655,78.66666818
165,Боран,Восточно-Казахстанская область,KZ-VOS,"Боран, Восточно-Казахстанская область, Казахстан","Боран, Күршім ауданы, Шығыс Қазақстан облысы, Қазақстан",48.0121383,85.1939687
166,Дмитриевка,Восточно-Казахстанская область,KZ-VOS,"Дмитриевка, Восточно-Казахстанская область, Казахстан",,50.76164638,80.83533477
167,Жалгызтобе,Восточно-Казахстанская область,KZ-VOS,"Жалгызтобе, Восточно-Казахстанская область, Казахстан","Жалгызтобе, Ұлан ауданы, Шығыс Қазақстан облысы, Қазақстан",47.36921810341232,84.00590692005814
168,Зайсан,Восточно-Казахстанская область,KZ-VOS,"Зайсан, Восточно-Казахстанская область, Казахстан","Зайсан көлі, Шығыс Қазақстан облысы, Қазақстан",47.47058718891991,84.87509764290279
169,Заповедник Маркаколь,Восточно-Казахстанская область,KZ-VOS,"Заповедник Маркаколь, Восточно-Казахстанская область, Казахстан",,48.74426279,85.79125388
170,Зыряновск,Восточно-Казахстанская область,KZ-VOS,"Зыряновск, Восточно-Казахстанская область, Казахстан","Алтай, Алтай ауданы, Шығыс Қазақстан облысы, 493730, Қазақстан",49.724243,84.275146
171,Кайнар,Восточно-Казахстанская область,KZ-VOS,"Кайнар, Восточно-Казахстанская область, Казахстан","Кайнар, Күршім ауданы, Шығыс Қазақстан облысы, Қазақстан",48.813541,83.809784
172,Карауыл,Восточно-Казахстанская область,KZ-VOS,"Карауыл, Восточно-Казахстанская область, Казахстан",,48.94558177,79.25385139
173,Катон-Карагай,Восточно-Казахстанская область,KZ-VOS,"Катон-Карагай, Восточно-Казахстанская область, Казахстан","Катонқарағай, Шығыс Қазақстан облысы, Қазақстан",49.1776001,85.6063821
174,Куршим,Восточно-Казахстанская область,KZ-VOS,"Куршим, Восточно-Казахстанская область, Казахстан","Күршім, Күршім ауданы, Шығыс Қазақстан облысы, 071200, Қазақстан",48.5656876,83.6524237
175,Лениногорск,Восточно-Казахстанская область,KZ-VOS,"Лениногорск, Восточно-Казахстанская область, Казахстан","Риддер қалалық әкімдігі, Шығыс Қазақстан облысы, Қазақстан",50.338932,83.506157
176,Самарка,Восточно-Казахстанская область,KZ-VOS,"Самарка, Восточно-Казахстанская область, Казахстан","Самар, Самарское, Самар ауданы, Шығыс Қазақстан облысы, 071010, Қазақстан",49.0204765,83.3658198
177,Селезневка,Восточно-Казахстанская область,KZ-VOS,"Селезневка, Восточно-Казахстанская область, Казахстан","Селезнёвка станциясы, Алтай ауданы, Шығыс Қазақстан облысы, Қазақстан",49.6682806,83.4995806
178,Семипалатинск,Восточно-Казахстанская область,KZ-VOS,"Семипалатинск, Восточно-Казахстанская область, Казахстан",,50.42441043,80.24393085
179,Семиярка,Восточно-Казахстанская область,KZ-VOS,"Семиярка, Восточно-Казахстанская область, Казахстан",,50.90008158,78.31297751
180,Теректы,Восточно-Казахстанская область,KZ-VOS,"Теректы, Восточно-Казахстанская область, Казахстан","Марқакөл, Күршім ауданы, Шығыс Қазақстан облысы, Қазақстан",48.4269057,85.7338403
181,Тугыл,Восточно-Казахстанская область,KZ-VOS,"Тугыл, Восточно-Казахстанская область, Казахстан","Тұғыл, Тарбағатай ауданы, Шығыс Қазақстан облысы, Қазақстан",47.727528,84.208084
182,Улькен Нарын,Восточно-Казахстанская область,KZ-VOS,"Улькен Нарын, Восточно-Казахстанская область, Казахстан","Катонқарағай ауданы, Шығыс Қазақстан облысы, 070900, Қазақстан",49.213886,84.508766
183,Уржар,Восточно-Казахстанская область,KZ-VOS,"Уржар, Восточно-Казахстанская область, Казахстан",,47.08704949,81.63109329
184,Усть-Каменогорск,Восточно-Казахстанская область,KZ-VOS,"Усть-Каменогорск, Восточно-Казахстанская область, Казахстан","Өскемен қ.ә., Шығыс Қазақстан облысы, Қазақстан",49.9484438,82.6274791
185,Шалабай,Восточно-Казахстанская область,KZ-VOS,"Шалабай, Восточно-Казахстанская область, Казахстан",,49.69978982,81.507077
186,Шар,Восточно-Казахстанская область,KZ-VOS,"Шар, Восточно-Казахстанская область, Казахстан",,49.58477058,81.04716828
187,Шемонаиха,Восточно-Казахстанская область,KZ-VOS,"Шемонаиха, Восточно-Казахстанская область, Казахстан","Шемонаиха, Шемонаиха ауданы, Шығыс Қазақстан облысы, Қазақстан",50.6287241,81.9155467
188,Арыс,Туркестанская область,KZ-YUZ,"Арыс, Туркестанская область, Казахстан","Арыс қаласының әкімшілігі, Түркістан облысы, Қазақстан",42.4324695,68.8134889
189,Аул Турара Рыскулова,Туркестанская область,KZ-YUZ,"Аул Турара Рыскулова, Туркестанская область, Казахстан",,42.54574442,70.34119083
190,Ащысай,Туркестанская область,KZ-YUZ,"Ащысай, Туркестанская область, Казахстан","Ащысай, Кентау Қ.Ә., Түркістан облысы, Қазақстан",43.556120233591706,68.89676564876918
191,Жетысай,Туркестанская область,KZ-YUZ,"Жетысай, Туркестанская область, Казахстан","Жетісай, Жетісай ауданы, Түркістан облысы, Қазақстан",40.777134,68.324677
192,им.Кожахметова,Туркестанская область,KZ-YUZ,"им.Кожахметова, Туркестанская область, Казахстан",,,
193,Казыгурт,Туркестанская область,KZ-YUZ,"Казыгурт, Туркестанская область, Казахстан","Қазығұрт, Қазығұрт ауданы, Түркістан облысы, Қазақстан",41.758801,69.385651
194,Кызылкум,Туркестанская область,KZ-YUZ,"Кызылкум, Туркестанская область, Казахстан","Қызылқұм, Жетісай ауданы, Түркістан облысы, Қазақстан",40.9928142,68.217069
195,Тасарык,Туркестанская область,KZ-YUZ,"Тасарык, Туркестанская область, Казахстан","Тасарық, Төле би ауданы, Түркістан облысы, Қазақстан",42.2403693,70.1331138
196,Тасты,Туркестанская область,KZ-YUZ,"Тасты, Туркестанская область, Казахстан","Тасты, Созақ ауданы, Түркістан облысы, Қазақстан",44.800636,69.168678
197,Туркестан,Туркестанская область,KZ-YUZ,"Туркестан, Туркестанская область, Казахстан","Түркістан, Түркістан Қ.А., Түркістан облысы, 161200, Қазақстан",43.3019457,68.2703698
198,Шардара,Туркестанская область,KZ-YUZ,"Шардара, Туркестанская область, Казахстан","Шардара, Шардара ауданы, Түркістан облысы, 041013, Қазақстан",41.255856,67.975266
199,Шолаккорган,Туркестанская область,KZ-YUZ,"Шолаккорган, Туркестанская область, Казахстан","Шолаққорған, Созақ ауданы, Түркістан облысы, 161000, Қазақстан",43.766701,69.17688
200,Шуылдак,Туркестанская область,KZ-YUZ,"Шуылдак, Туркестанская область, Казахстан",,,
201,Шымкент,Туркестанская область,KZ-YUZ,"Шымкент, Туркестанская область, Казахстан","Шымкент, Көлкент, Сайрам ауданы, Түркістан облысы, 160808, Қазақстан",42.32188194264865,69.58885464824581
202,Аксай,Западно-Казахстанская область,KZ-ZAP,"Аксай, Западно-Казахстанская область, Казахстан","Аксай, Бөрлі ауданы, Батыс Қазақстан облысы, Қазақстан",51.173893,53.011478
203,Джамбейты,Западно-Казахстанская область,KZ-ZAP,"Джамбейты, Западно-Казахстанская область, Казахстан",,50.26055173,52.60195228
204,Джангала,Западно-Казахстанская область,KZ-ZAP,"Джангала, Западно-Казахстанская область, Казахстан",,49.2142027,50.30167586
205,Джаныбек,Западно-Казахстанская область,KZ-ZAP,"Джаныбек, Западно-Казахстанская область, Казахстан",,49.42126899,46.84634692
206,Жалпактал,Западно-Казахстанская область,KZ-ZAP,"Жалпактал, Западно-Казахстанская область, Казахстан","Жалпактал, Казталов ауданы, Батыс Қазақстан облысы, Қазақстан",49.670628,49.473915
207,Каменка,Западно-Казахстанская область,KZ-ZAP,"Каменка, Западно-Казахстанская область, Казахстан","Тасқала, Тасқала ауданы, Батыс Қазақстан облысы, 091000, Қазақстан",51.106861,50.291088
208,Каратюба,Западно-Казахстанская область,KZ-ZAP,"Каратюба, Западно-Казахстанская область, Казахстан",,49.6911732,53.51097086
209,Тайпак,Западно-Казахстанская область,KZ-ZAP,"Тайпак, Западно-Казахстанская область, Казахстан","Тайпақ, Ақжайық ауданы, Батыс Қазақстан облысы, Қазақстан",49.037285,51.830154
210,Уральск,Западно-Казахстанская область,KZ-ZAP,"Уральск, Западно-Казахстанская область, Казахстан","Орал Қ.Ә., Батыс Қазақстан облысы, Қазақстан",51.2040697,51.3707863
211,Урда,Западно-Казахстанская область,KZ-ZAP,"Урда, Западно-Казахстанская область, Казахстан","Хан Ордасы, Бокейординский район - Бөкей Орда ауданы, Батыс Қазақстан облысы, Қазақстан",48.769749,47.430492
212,Чапаево,Западно-Казахстанская область,KZ-ZAP,"Чапаево, Западно-Казахстанская область, Казахстан","157, Жанибек - Чапаев, Казталов ауданы, Батыс Қазақстан облысы, Қазақстан",50.17742771190655,51.168484315420905
213,Чингирлау,Западно-Казахстанская область,KZ-ZAP,"Чингирлау, Западно-Казахстанская область, Казахстан","Шыңғырлау, Шыңғырлау ауданы, Батыс Қазақстан облысы, 091200, Қазақстан",51.100506,54.085167
214,Январцево,Западно-Казахстанская область,KZ-ZAP,"Январцево, Западно-Казахстанская область, Казахстан","Январцево, Зеленов ауданы, Батыс Қазақстан облысы, Қазақстан",51.443405,52.247547
215,Жанатас,Жамбылская область,KZ-ZHA,"Жанатас, Жамбылская область, Казахстан","Жаңатас, Сарысу ауданы, Жамбыл облысы, 080700, Қазақстан",43.5567547,69.7265539
216,Каратау,Жамбылская область,KZ-ZHA,"Каратау, Жамбылская область, Казахстан","Қаратау, Талас ауданы, Жамбыл облысы, Қазақстан",43.176197,70.46489
217,Кордай,Жамбылская область,KZ-ZHA,"Кордай, Жамбылская область, Казахстан","Қордай, Қордай ауданы, Жамбыл облысы, 080400, Қазақстан",43.042965,74.714485
218,Кулан,Жамбылская область,KZ-ZHA,"Кулан, Жамбылская область, Казахстан","Құлан, Тұрар Рысқұлов ауданы, Жамбыл облысы, Қазақстан",42.910576,72.715652
219,Мерке,Жамбылская область,KZ-ZHA,"Мерке, Жамбылская область, Казахстан","Меркі, Меркі ауданы, Жамбыл облысы, Қазақстан",42.8713714,73.1738583
220,Мойынкум,Жамбылская область,KZ-ZHA,"Мойынкум, Жамбылская область, Казахстан","Мойынқұм, Мойынқұм ауданы, Жамбыл облысы, Қазақстан",44.28545,72.94297
221,Саудакент,Жамбылская область,KZ-ZHA,"Саудакент, Жамбылская область, Казахстан","Саудакент, Сарысу ауданы, Жамбыл облысы, Қазақстан",43.735256,69.924622
222,Тараз,Жамбылская область,KZ-ZHA,"Тараз, Жамбылская область, Казахстан","Тараз, Тараз Қ.Ә., Жамбыл облысы, 080000, Қазақстан",42.9015945,71.3769302
223,Толе би,Жамбылская область,KZ-ZHA,"Толе би, Жамбылская область, Казахстан","Төле би, Шу ауданы, Жамбыл облысы, Қазақстан",43.681767,73.762444
224,Уюк,Жамбылская область,KZ-ZHA,"Уюк, Жамбылская область, Казахстан","Ойық, Талас ауданы, Жамбыл облысы, Қазақстан",43.781734,70.955589
225,Хантау,Жамбылская область,KZ-ZHA,"Хантау, Жамбылская область, Казахстан","Хантау, Мойынқұм ауданы, Жамбыл облысы, Қазақстан",44.226612,73.795189
226,Чиганак,Жамбылская область,KZ-ZHA,"Чиганак, Жамбылская область, Казахстан","Шығанақ, Мойынқұм ауданы, Жамбыл облысы, Қазақстан",45.1064432,73.975037
227,Шокпар,Жамбылская область,KZ-ZHA,"Шокпар, Жамбылская область, Казахстан","Шоқпар, Шу ауданы, Жамбыл облысы, Қазақстан",43.825256,74.378639
